1,FALSE,Mostly planar,Smooth,0,,,,Holocene,,"From stratigraphy, will have a better age in the next year",On the Laurentian Fan levee consisting of turbidite beds,1
2,FALSE,,,0,,,,,,,,2
3,FALSE,,,0,,3000,,,,,,3
4,FALSE,,,0,,26000,,,,,Fjord Seascapes - Submarine slide complex ,4
5,FALSE,,,4.1,,0.452,"Estimated average net-loss volumes, defined by the difference between bathymetry data and a virtual plane (reconstruction of failure before slide). ", ,,,,5
6,FALSE,,,4.6,,0.76,"Estimated average net-loss volumes, defined by the difference between bathymetry data and a virtual plane (reconstruction of failure before slide). ", ,,,,6
7,FALSE,,,1.5,,0.042,"Estimated average net-loss volumes, defined by the difference between bathymetry data and a virtual plane (reconstruction of failure before slide). ", ,,,,7
8,FALSE,,,5,,0.222,"Estimated average net-loss volumes, defined by the difference between bathymetry data and a virtual plane (reconstruction of failure before slide). ",Holocene,,,,8
9,FALSE,,,2.7,,0.46,"Estimated average net-loss volumes, defined by the difference between bathymetry data and a virtual plane (reconstruction of failure before slide). ", ,,,,9
10,FALSE,,,2.3,,0.128,"Estimated average net-loss volumes, defined by the difference between bathymetry data and a virtual plane (reconstruction of failure before slide). ", ,,,,10
11,FALSE,,,2,,0.151,"Estimated average net-loss volumes, defined by the difference between bathymetry data and a virtual plane (reconstruction of failure before slide). ", ,,,,11
12,FALSE,,,3.2,,0,"Estimated average net-loss volumes, defined by the difference between bathymetry data and a virtual plane (reconstruction of failure before slide). ", ,,,,12
13,FALSE,,,,,,,,,,,13
14,FALSE,,,,,,,,,,,14
15,FALSE,,,,,,,,,,,15
16,FALSE,,,,,,,,,,,16
17,FALSE,,,,,,,,,,,17
18,FALSE,,,,,,,,,,,18
19,FALSE,,,,,,,,,,,19
20,FALSE,,,,,,,,,,,20
21,FALSE,,,200,,,,,,Feature is an unknown age,,21
22,FALSE,,,0,,,,,,,,22
23,FALSE,,,6.5,,1.3,,,,,,23
24,FALSE,,,0,,200,Approximate volume,,,,,24
25,FALSE,,,2800,,,,Piliocene Epoch,,Pliocene Epoch (5.333-2.58 MYA),,25
26,FALSE,,,236,,2.5,,~27ka years ago,,,,26
27,FALSE,,,9.5,,0.2,,~7ka yearts ago,,,,27
28,FALSE,,,206,,13,,~20.5ka years ago,,,,28
29,FALSE,,,0,,,,,,,,29
30,FALSE,,,0,,,,,,,,30
31,FALSE,,,0,,,,,,,,31
32,FALSE,,,0,,,,,,,,32
33,FALSE,,,0,,,,,,,,33
34,FALSE,,,0,,,,,,,,34
35,FALSE,,,0,,,,,,,,35
36,FALSE,,,0,,,,,,,,36
37,FALSE,,,0,,,,,,,,37
38,FALSE,,,0,,,,,,,,38
39,FALSE,,,0,,,,,,,,39
40,FALSE,,,0,,,,,,,,40
41,FALSE,,,0,,,,,,,,41
42,FALSE,,,0,,,,,,,,42
43,FALSE,,,0,,,,,,,,43
44,FALSE,,,0,,,,,,,,44
45,FALSE,,,0,,,,,,,,45
46,FALSE,,,0,,,,,,,,46
47,FALSE,,,0,,,,,,,,47
48,FALSE,,,0,,,,,,,,48
49,FALSE,,,0,,,,,,,,49
50,FALSE,,,0,,,,,,,,50
51,FALSE,,,0,,,,,,,,51
52,FALSE,,,0,,,,,,,,52
53,FALSE,,,0,,,,,,,,53
54,FALSE,,,0,,,,,,,,54
55,FALSE,,,0,,,,,,,,55
56,FALSE,,,0,,,,,,,,56
57,FALSE,,,0,,,,,,,,57
58,FALSE,,,0,,,,,,,,58
59,FALSE,,,0,,,,,,,,59
60,FALSE,,,0,,,,,,,,60
61,FALSE,,,0,,,,,,,,61
62,FALSE,,,0.233217,,,,,,,,62
63,FALSE,,,0.140183,,,,,,,,63
64,FALSE,,,0.543025,,,,,,,,64
65,FALSE,,,0.292423,,,,,,,,65
66,FALSE,,,5.821734,,,,,,,,66
67,FALSE,,,0.111152,,,,,,,,67
68,FALSE,,,1.851372,,,,,,,,68
69,FALSE,,,0.306792,,,,,,,,69
70,FALSE,,,2.972691,,,,,,,,70
71,FALSE,,,20.404814,,,,,,,,71
72,FALSE,,,11.297878,,,,,,,,72
73,FALSE,,,10.769614,,,,,,,,73
74,FALSE,,,21.536559,,,,,,,,74
75,FALSE,,,33.358807,,,,,,,,75
76,FALSE,,,1.289572,,,,,,,,76
77,FALSE,,,0.393302,,,,,,,,77
78,FALSE,,,0.393367,,,,,,,,78
79,FALSE,,,4.22092,,,,,,,,79
80,FALSE,,,1.875561,,,,,,,,80
81,FALSE,,,0.953602,,,,,,,,81
82,FALSE,,,0.726404,,,,,,,,82
83,FALSE,,,0.840283,,,,,,,,83
84,FALSE,,,1.298584,,,,,,,,84
85,FALSE,,,2.648196,,,,,,,,85
86,FALSE,,,1.651119,,,,,,,,86
87,FALSE,,,1.14092,,,,,,,,87
88,FALSE,,,1.33632,,,,,,,,88
89,FALSE,,,0.258777,,,,,,,,89
90,FALSE,,,0.867157,,,,,,,,90
91,FALSE,,,0.520614,,,,,,,,91
92,FALSE,,,0.878481,,,,,,,,92
93,FALSE,,,0.784808,,,,,,,,93
94,FALSE,,,1.000926,,,,,,,,94
95,FALSE,,,0.30926,,,,,,,,95
96,FALSE,,,1.561909,,,,,,,,96
97,FALSE,,,0.563199,,,,,,,,97
98,FALSE,,,0.359848,,,,,,,,98
99,FALSE,,,0.135489,,,,,,,,99
100,FALSE,,,0.570366,,,,,,,,100
101,FALSE,,,0.28511,,,,,,,,101
102,FALSE,,,1.16359,,,,,,,,102
103,FALSE,,,0.174718,,,,,,,,103
104,FALSE,,,0.176924,,,,,,,,104
105,FALSE,,,0.675491,,,,,,,,105
106,FALSE,,,0.12977,,,,,,,,106
107,FALSE,,,0.204337,,,,,,,,107
108,FALSE,,,0.165373,,,,,,,,108
109,FALSE,,,0.653997,,,,,,,,109
110,FALSE,,,0.058621,,,,,,,,110
111,FALSE,,,0.155578,,,,,,,,111
112,FALSE,,,0.683813,,,,,,,,112
113,FALSE,,,0.500192,,,,,,,,113
114,FALSE,,,0.471888,,,,,,,,114
115,FALSE,,,1.725238,,,,,,,,115
116,FALSE,,,1.299181,,,,,,,,116
117,FALSE,,,0.103759,,,,,,,,117
118,FALSE,,,0.763387,,,,,,,,118
119,FALSE,,,0.072018,,,,,,,,119
120,FALSE,,,0.979686,,,,,,,,120
121,FALSE,,,0.57993,,,,,,,,121
122,FALSE,,,0.344701,,,,,,,,122
123,FALSE,,,0.928153,,,,,,,,123
124,FALSE,,,0.163384,,,,,,,,124
125,FALSE,,,0.341762,,,,,,,,125
126,FALSE,,,1.011665,,,,,,,,126
127,FALSE,,,0.12998,,,,,,,,127
128,FALSE,,,0.452177,,,,,,,,128
129,FALSE,,,0.524011,,,,,,,,129
130,FALSE,,,0.266346,,,,,,,,130
131,FALSE,,,0.509723,,,,,,,,131
132,FALSE,,,0.279762,,,,,,,,132
133,FALSE,,,0.027803,,,,,,,,133
134,FALSE,,,0.77576,,,,,,,,134
135,FALSE,,,1.038959,,,,,,,,135
136,FALSE,,,0.053949,,,,,,,,136
137,FALSE,,,0.103651,,,,,,,,137
138,FALSE,,,0.332246,,,,,,,,138
139,FALSE,,,0.358281,,,,,,,,139
140,FALSE,,,0.265381,,,,,,,,140
141,FALSE,,,0.62939,,,,,,,,141
142,FALSE,,,0.471599,,,,,,,,142
143,FALSE,,,0.447497,,,,,,,,143
144,FALSE,,,0.425446,,,,,,,,144
145,FALSE,,,0.201229,,,,,,,,145
146,FALSE,,,0.186535,,,,,,,,146
147,FALSE,,,0.138604,,,,,,,,147
148,FALSE,,,0.021998,,,,,,,,148
149,FALSE,,,0.262097,,,,,,,,149
150,FALSE,,,0.79906,,,,,,,,150
151,FALSE,,,0.110825,,,,,,,,151
152,FALSE,,,4.046505,,,,,,,,152
153,FALSE,,,0.313425,,,,,,,,153
154,FALSE,,,0.289105,,,,,,,,154
155,FALSE,,,0.075876,,,,,,,,155
156,FALSE,,,0.074874,,,,,,,,156
157,FALSE,,,0.081371,,,,,,,,157
158,FALSE,,,0.053667,,,,,,,,158
159,FALSE,,,0.501583,,,,,,,,159
160,FALSE,,,0.471711,,,,,,,,160
161,FALSE,,,0.289239,,,,,,,,161
162,FALSE,,,0.733384,,,,,,,,162
163,FALSE,,,0.170958,,,,,,,,163
164,FALSE,,,0.105906,,,,,,,,164
165,FALSE,,,0.085244,,,,,,,,165
166,FALSE,,,0.023208,,,,,,,,166
167,FALSE,,,0.028864,,,,,,,,167
168,FALSE,,,0.008367,,,,,,,,168
169,FALSE,,,0.277738,,,,,,,,169
170,FALSE,,,0.04227,,,,,,,,170
171,FALSE,,,0.515189,,,,,,,,171
172,FALSE,,,0.619155,,,,,,,,172
209,FALSE,,,0.077844,,,,,,,,173
210,FALSE,,,0.05893,,,,,,,,174
211,FALSE,,,0.010217,,,,,,,,175
212,FALSE,,,0.189124,,,,,,,,176
213,FALSE,,,0.33122,,,,,,,,177
214,FALSE,,,0.206533,,,,,,,,178
215,FALSE,,,0.518905,,,,,,,,179
216,FALSE,,,0.098944,,,,,,,,180
217,FALSE,,,0.855396,,,,,,,,181
218,FALSE,,,0.310116,,,,,,,,182
219,FALSE,,,0.221065,,,,,,,,183
220,FALSE,,,0.103792,,,,,,,,184
221,FALSE,,,0.595131,,,,,,,,185
222,FALSE,,,0.533737,,,,,,,,186
223,FALSE,,,0.419046,,,,,,,,187
224,FALSE,,,0.294758,,,,,,,,188
225,FALSE,,,0.174241,,,,,,,,189
226,FALSE,,,0.056287,,,,,,,,190
227,FALSE,,,0.692278,,,,,,,,191
228,FALSE,,,0.180844,,,,,,,,192
229,FALSE,,,0.090172,,,,,,,,193
230,FALSE,,,0.181221,,,,,,,,194
231,FALSE,,,0.073906,,,,,,,,195
232,FALSE,,,0.463361,,,,,,,,196
233,FALSE,,,0.127658,,,,,,,,197
234,FALSE,,,0.980438,,,,,,,,198
235,FALSE,,,0.563813,,,,,,,,199
236,FALSE,,,0.188729,,,,,,,,200
237,FALSE,,,0.477094,,,,,,,,201
238,FALSE,,,0.406306,,,,,,,,202
239,FALSE,,,0.101866,,,,,,,,203
240,FALSE,,,0.256121,,,,,,,,204
241,FALSE,,,0.034944,,,,,,,,205
242,FALSE,,,0.110072,,,,,,,,206
243,FALSE,,,0.06464,,,,,,,,207
244,FALSE,,,0.694417,,,,,,,,208
245,FALSE,,,0.738219,,,,,,,,209
246,FALSE,,,0.689474,,,,,,,,210
247,FALSE,,,0.699489,,,,,,,,211
248,FALSE,,,0.105355,,,,,,,,212
249,FALSE,,,0.180593,,,,,,,,213
250,FALSE,,,0.809449,,,,,,,,214
251,FALSE,,,0.40007,,,,,,,,215
252,FALSE,,,0.716354,,,,,,,,216
253,FALSE,,,0.717308,,,,,,,,217
254,FALSE,,,0.299143,,,,,,,,218
255,FALSE,,,0.497877,,,,,,,,219
256,FALSE,,,0.384471,,,,,,,,220
257,FALSE,,,0.049205,,,,,,,,221
258,FALSE,,,0.585299,,,,,,,,222
259,FALSE,,,0.065054,,,,,,,,223
260,FALSE,,,0.014112,,,,,,,,224
261,FALSE,,,0.020678,,,,,,,,225
262,FALSE,,,0.684691,,,,,,,,226
263,FALSE,,,0.475561,,,,,,,,227
264,FALSE,,,5.194171,,,,,,,,228
265,FALSE,,,0.253681,,,,,,,,229
266,FALSE,,,0.173209,,,,,,,,230
267,FALSE,,,0.144769,,,,,,,,231
268,FALSE,,,0.280956,,,,,,,,232
269,FALSE,,,0.204531,,,,,,,,233
270,FALSE,,,0.040809,,,,,,,,234
271,FALSE,,,0.017476,,,,,,,,235
272,FALSE,,,0.046609,,,,,,,,236
273,FALSE,,,2.37437,,,,,,,,237
274,FALSE,,,2.143996,,,,,,,,238
275,FALSE,,,1.606285,,,,,,,,239
276,FALSE,,,0.156032,,,,,,,,240
277,FALSE,,,0.118878,,,,,,,,241
278,FALSE,,,0.018065,,,,,,,,242
279,FALSE,,,0.246295,,,,,,,,243
280,FALSE,,,0.074854,,,,,,,,244
281,FALSE,,,0.250947,,,,,,,,245
282,FALSE,,,0.196718,,,,,,,,246
283,FALSE,,,1.04564,,,,,,,,247
284,FALSE,,,0.087489,,,,,,,,248
285,FALSE,,,0.104622,,,,,,,,249
286,FALSE,,,0.086532,,,,,,,,250
287,FALSE,,,0.292172,,,,,,,,251
288,FALSE,,,2.388623,,,,,,,,252
289,FALSE,,,1.233507,,,,,,,,253
290,FALSE,,,0.371049,,,,,,,,254
291,FALSE,,,0.107262,,,,,,,,255
292,FALSE,,,0.067648,,,,,,,,256
293,FALSE,,,0.775893,,,,,,,,257
294,FALSE,,,0.376226,,,,,,,,258
295,FALSE,,,0.157806,,,,,,,,259
296,FALSE,,,0.525776,,,,,,,,260
297,FALSE,,,0.214267,,,,,,,,261
298,FALSE,,,4.754424,,,,,,,,262
299,FALSE,,,5.284446,,,,,,,,263
300,FALSE,,,0.027444,,,,,,,,264
301,FALSE,,,0.418189,,,,,,,,265
302,FALSE,,,0.292844,,,,,,,,266
303,FALSE,,,0.240246,,,,,,,,267
304,FALSE,,,0.209592,,,,,,,,268
305,FALSE,,,0.083649,,,,,,,,269
306,FALSE,,,0.097943,,,,,,,,270
307,FALSE,,,0.520582,,,,,,,,271
308,FALSE,,,0.171338,,,,,,,,272
309,FALSE,,,0.65839,,,,,,,,273
310,FALSE,,,0.560002,,,,,,,,274
311,FALSE,,,0.210174,,,,,,,,275
312,FALSE,,,0.443734,,,,,,,,276
313,FALSE,,,1.402346,,,,,,,,277
314,FALSE,,,0.293977,,,,,,,,278
315,FALSE,,,0.446871,,,,,,,,279
316,FALSE,,,0.120715,,,,,,,,280
317,FALSE,,,0.06528,,,,,,,,281
318,FALSE,,,0.252643,,,,,,,,282
319,FALSE,,,0.527247,,,,,,,,283
320,FALSE,,,0.173817,,,,,,,,284
321,FALSE,,,0.045569,,,,,,,,285
322,FALSE,,,0.007766,,,,,,,,286
323,FALSE,,,0.005018,,,,,,,,287
324,FALSE,,,0.221278,,,,,,,,288
325,FALSE,,,0.737526,,,,,,,,289
326,FALSE,,,0.404539,,,,,,,,290
327,FALSE,,,0.056083,,,,,,,,291
328,FALSE,,,0.248351,,,,,,,,292
329,FALSE,,,0.104104,,,,,,,,293
330,FALSE,,,0.025098,,,,,,,,294
331,FALSE,,,0.078461,,,,,,,,295
332,FALSE,,,0.112719,,,,,,,,296
333,FALSE,,,1.61655,,,,,,,,297
334,FALSE,,,0.036272,,,,,,,,298
335,FALSE,,,0.023447,,,,,,,,299
336,FALSE,,,0.249373,,,,,,,,300
337,FALSE,,,0.079553,,,,,,,,301
338,FALSE,,,0.09075,,,,,,,,302
339,FALSE,,,0.069157,,,,,,,,303
340,FALSE,,,0.393207,,,,,,,,304
341,FALSE,,,0.039118,,,,,,,,305
342,FALSE,,,0.032553,,,,,,,,306
343,FALSE,,,0.288505,,,,,,,,307
344,FALSE,,,0.164529,,,,,,,,308
345,FALSE,,,0.430481,,,,,,,,309
346,FALSE,,,0.575731,,,,,,,,310
347,FALSE,,,0.561912,,,,,,,,311
348,FALSE,,,0.349342,,,,,,,,312
349,FALSE,,,2.052866,,,,,,,,313
350,FALSE,,,1.063079,,,,,,,,314
351,FALSE,,,0.163659,,,,,,,,315
352,FALSE,,,0.584961,,,,,,,,316
353,FALSE,,,0.110237,,,,,,,,317
354,FALSE,,,0.614841,,,,,,,,318
355,FALSE,,,0.050121,,,,,,,,319
356,FALSE,,,0.05756,,,,,,,,320
357,FALSE,,,0.169544,,,,,,,,321
358,FALSE,,,0.081831,,,,,,,,322
359,FALSE,,,0.070366,,,,,,,,323
360,FALSE,,,0.098411,,,,,,,,324
361,FALSE,,,0.693764,,,,,,,,325
362,FALSE,,,0.055159,,,,,,,,326
363,FALSE,,,0.099834,,,,,,,,327
364,FALSE,,,0.029267,,,,,,,,328
365,FALSE,,,0.330185,,,,,,,,329
366,FALSE,,,0.546172,,,,,,,,330
367,FALSE,,,0.029514,,,,,,,,331
368,FALSE,,,0.059526,,,,,,,,332
369,FALSE,,,0.02054,,,,,,,,333
370,FALSE,,,0.116304,,,,,,,,334
371,FALSE,,,0.078011,,,,,,,,335
372,FALSE,,,0.011047,,,,,,,,336
373,FALSE,,,0.813074,,,,,,,,337
374,FALSE,,,0.012588,,,,,,,,338
375,FALSE,,,0.35696,,,,,,,,339
376,FALSE,,,1.210815,,,,,,,,340
382,FALSE,,,1.64653,,,,,,,,341
383,FALSE,,,0.094405,,,,,,,,342
384,FALSE,,,0.22152,,,,,,,,343
385,FALSE,,,0.725084,,,,,,,,344
386,FALSE,,,0.307523,,,,,,,,345
387,FALSE,,,0.085708,,,,,,,,346
173,FALSE,,,0.11202,,,,,,,,347
174,FALSE,,,0.514791,,,,,,,,348
175,FALSE,,,0.679417,,,,,,,,349
176,FALSE,,,1.050569,,,,,,,,350
177,FALSE,,,0.116516,,,,,,,,351
178,FALSE,,,0.092399,,,,,,,,352
179,FALSE,,,0.078528,,,,,,,,353
180,FALSE,,,0.068497,,,,,,,,354
181,FALSE,,,0.094506,,,,,,,,355
182,FALSE,,,0.089929,,,,,,,,356
183,FALSE,,,0.247389,,,,,,,,357
184,FALSE,,,0.274147,,,,,,,,358
185,FALSE,,,0.372619,,,,,,,,359
186,FALSE,,,0.129202,,,,,,,,360
187,FALSE,,,0.076548,,,,,,,,361
188,FALSE,,,0.035818,,,,,,,,362
189,FALSE,,,0.541456,,,,,,,,363
190,FALSE,,,0.204274,,,,,,,,364
191,FALSE,,,0.054675,,,,,,,,365
192,FALSE,,,0.086827,,,,,,,,366
193,FALSE,,,0.126017,,,,,,,,367
388,FALSE,,,0.031375,,,,,,,,368
389,FALSE,,,0.038613,,,,,,,,369
390,FALSE,,,0.037633,,,,,,,,370
391,FALSE,,,0.082324,,,,,,,,371
392,FALSE,,,0.010995,,,,,,,,372
393,FALSE,,,0.02902,,,,,,,,373
394,FALSE,,,0.02716,,,,,,,,374
395,FALSE,,,0.012867,,,,,,,,375
396,FALSE,,,0.021623,,,,,,,,376
397,FALSE,,,0.018203,,,,,,,,377
398,FALSE,,,0.034152,,,,,,,,378
399,FALSE,,,0.024694,,,,,,,,379
400,FALSE,,,0.034441,,,,,,,,380
401,FALSE,,,0.045794,,,,,,,,381
402,FALSE,,,0.076195,,,,,,,,382
403,FALSE,,,0.117265,,,,,,,,383
404,FALSE,,,0.037813,,,,,,,,384
405,FALSE,,,0.188588,,,,,,,,385
406,FALSE,,,0.038667,,,,,,,,386
407,FALSE,,,0.062572,,,,,,,,387
408,FALSE,,,0.0625,,,,,,,,388
409,FALSE,,,0.011376,,,,,,,,389
410,FALSE,,,0.075328,,,,,,,,390
411,FALSE,,,0.020574,,,,,,,,391
412,FALSE,,,0.016273,,,,,,,,392
413,FALSE,,,0.007427,,,,,,,,393
414,FALSE,,,0.139968,,,,,,,,394
415,FALSE,,,0.290082,,,,,,,,395
416,FALSE,,,0.059249,,,,,,,,396
417,FALSE,,,0.053424,,,,,,,,397
418,FALSE,,,0.044223,,,,,,,,398
419,FALSE,,,0.016369,,,,,,,,399
420,FALSE,,,0.022011,,,,,,,,400
421,FALSE,,,0.02553,,,,,,,,401
422,FALSE,,,0.033124,,,,,,,,402
423,FALSE,,,0.029831,,,,,,,,403
424,FALSE,,,0.02799,,,,,,,,404
425,FALSE,,,0.016538,,,,,,,,405
426,FALSE,,,0.06453,,,,,,,,406
427,FALSE,,,0.111892,,,,,,,,407
428,FALSE,,,0.09737,,,,,,,,408
429,FALSE,,,0.122395,,,,,,,,409
430,FALSE,,,0.762604,,,,,,,,410
431,FALSE,,,0.728507,,,,,,,,411
432,FALSE,,,0.764433,,,,,,,,412
433,FALSE,,,0.307683,,,,,,,,413
434,FALSE,,,0.371506,,,,,,,,414
435,FALSE,,,0.41219,,,,,,,,415
436,FALSE,,,0.268622,,,,,,,,416
437,FALSE,,,0.271952,,,,,,,,417
438,FALSE,,,0.125022,,,,,,,,418
439,FALSE,,,0.152921,,,,,,,,419
440,FALSE,,,1.35987,,,,,,,,420
441,FALSE,,,0.734176,,,,,,,,421
442,FALSE,,,0.294223,,,,,,,,422
443,FALSE,,,0.227897,,,,,,,,423
444,FALSE,,,0.258326,,,,,,,,424
445,FALSE,,,6.410162,,,,,,,,425
446,FALSE,,,2.146855,,,,,,,,426
447,FALSE,,,0.42533,,,,,,,,427
448,FALSE,,,0.271203,,,,,,,,428
449,FALSE,,,0.180401,,,,,,,,429
450,FALSE,,,1.969971,,,,,,,,430
451,FALSE,,,0.356435,,,,,,,,431
452,FALSE,,,0.043976,,,,,,,,432
453,FALSE,,,0.205601,,,,,,,,433
454,FALSE,,,0.142599,,,,,,,,434
455,FALSE,,,0.628292,,,,,,,,435
456,FALSE,,,0.005527,,,,,,,,436
457,FALSE,,,0.016509,,,,,,,,437
458,FALSE,,,0.019154,,,,,,,,438
459,FALSE,,,0.003724,,,,,,,,439
460,FALSE,,,0.016487,,,,,,,,440
461,FALSE,,,0.018588,,,,,,,,441
462,FALSE,,,0.077632,,,,,,,,442
463,FALSE,,,0.09719,,,,,,,,443
464,FALSE,,,0.049596,,,,,,,,444
465,FALSE,,,0.075805,,,,,,,,445
466,FALSE,,,0.316814,,,,,,,,446
467,FALSE,,,1.793675,,,,,,,,447
468,FALSE,,,0.995918,,,,,,,,448
469,FALSE,,,0.656074,,,,,,,,449
470,FALSE,,,0.972093,,,,,,,,450
471,FALSE,,,0.700054,,,,,,,,451
472,FALSE,,,1.300412,,,,,,,,452
473,FALSE,,,0.642883,,,,,,,,453
474,FALSE,,,0.092972,,,,,,,,454
475,FALSE,,,0.695068,,,,,,,,455
476,FALSE,,,0.244707,,,,,,,,456
477,FALSE,,,0.047335,,,,,,,,457
478,FALSE,,,0.555896,,,,,,,,458
479,FALSE,,,0.034475,,,,,,,,459
480,FALSE,,,0.035971,,,,,,,,460
481,FALSE,,,0.011138,,,,,,,,461
482,FALSE,,,0.015494,,,,,,,,462
483,FALSE,,,0.056117,,,,,,,,463
484,FALSE,,,0.204619,,,,,,,,464
485,FALSE,,,0.007146,,,,,,,,465
486,FALSE,,,0.03088,,,,,,,,466
487,FALSE,,,0.025271,,,,,,,,467
488,FALSE,,,0.024384,,,,,,,,468
489,FALSE,,,0.020119,,,,,,,,469
490,FALSE,,,0.004073,,,,,,,,470
491,FALSE,,,0.297593,,,,,,,,471
492,FALSE,,,0.122247,,,,,,,,472
493,FALSE,,,0.126972,,,,,,,,473
494,FALSE,,,0.149417,,,,,,,,474
495,FALSE,,,0.39025,,,,,,,,475
496,FALSE,,,0.020357,,,,,,,,476
497,FALSE,,,0.18641,,,,,,,,477
498,FALSE,,,0.037985,,,,,,,,478
499,FALSE,,,0.01255,,,,,,,,479
500,FALSE,,,0.033517,,,,,,,,480
501,FALSE,,,0.271746,,,,,,,,481
502,FALSE,,,0.026661,,,,,,,,482
503,FALSE,,,0.007359,,,,,,,,483
504,FALSE,,,0.008468,,,,,,,,484
505,FALSE,,,0.142875,,,,,,,,485
506,FALSE,,,0.511274,,,,,,,,486
507,FALSE,,,0.002892,,,,,,,,487
508,FALSE,,,0.008471,,,,,,,,488
509,FALSE,,,0.006067,,,,,,,,489
510,FALSE,,,0.032142,,,,,,,,490
511,FALSE,,,0.06321,,,,,,,,491
512,FALSE,,,0.443226,,,,,,,,492
513,FALSE,,,0.320022,,,,,,,,493
514,FALSE,,,0.720909,,,,,,,,494
515,FALSE,,,0.198948,,,,,,,,495
516,FALSE,,,0.029276,,,,,,,,496
517,FALSE,,,0.361119,,,,,,,,497
518,FALSE,,,0.120517,,,,,,,,498
519,FALSE,,,0.099589,,,,,,,,499
520,FALSE,,,0.01376,,,,,,,,500
521,FALSE,,,0.070919,,,,,,,,501
522,FALSE,,,0.0229,,,,,,,,502
523,FALSE,,,0.010106,,,,,,,,503
524,FALSE,,,4.855499,,,,,,,,504
525,FALSE,,,55.891578,,,,,,,,505
526,FALSE,,,0.176392,,,,,,,,506
527,FALSE,,,0.110953,,,,,,,,507
528,FALSE,,,0.089746,,,,,,,,508
529,FALSE,,,0.348664,,,,,,,,509
530,FALSE,,,0.518945,,,,,,,,510
531,FALSE,,,0.022168,,,,,,,,511
532,FALSE,,,0.574396,,,,,,,,512
533,FALSE,,,0.208207,,,,,,,,513
534,FALSE,,,0.10558,,,,,,,,514
535,FALSE,,,0.057417,,,,,,,,515
536,FALSE,,,0.61113,,,,,,,,516
537,FALSE,,,0.05279,,,,,,,,517
538,FALSE,,,0.04438,,,,,,,,518
539,FALSE,,,1.683698,,,,,,,,519
540,FALSE,,,0.715411,,,,,,,,520
541,FALSE,,,0.228701,,,,,,,,521
542,FALSE,,,0.62778,,,,,,,,522
543,FALSE,,,0.236209,,,,,,,,523
544,FALSE,,,0.201746,,,,,,,,524
545,FALSE,,,0.365108,,,,,,,,525
546,FALSE,,,0.211914,,,,,,,,526
377,FALSE,,,0.178276,,,,,,,,527
378,FALSE,,,0.144405,,,,,,,,528
379,FALSE,,,0.032791,,,,,,,,529
380,FALSE,,,0.110243,,,,,,,,530
381,FALSE,,,0.737693,,,,,,,,531
547,FALSE,,,0.040728,,,,,,,,532
548,FALSE,,,0.121177,,,,,,,,533
194,FALSE,,,0.095573,,,,,,,,534
195,FALSE,,,0.271782,,,,,,,,535
196,FALSE,,,0.157405,,,,,,,,536
197,FALSE,,,0.284941,,,,,,,,537
198,FALSE,,,0.027373,,,,,,,,538
199,FALSE,,,0.087835,,,,,,,,539
200,FALSE,,,0.093606,,,,,,,,540
201,FALSE,,,0.233151,,,,,,,,541
202,FALSE,,,0.080787,,,,,,,,542
203,FALSE,,,0.154646,,,,,,,,543
204,FALSE,,,0.168361,,,,,,,,544
205,FALSE,,,0.243431,,,,,,,,545
206,FALSE,,,0.019252,,,,,,,,546
207,FALSE,,,0.008441,,,,,,,,547
208,FALSE,,,0.007549,,,,,,,,548
549,FALSE,,,0.011155,,,,,,,,549
550,FALSE,,,0.017741,,,,,,,,550
551,FALSE,,,0.007771,,,,,,,,551
552,FALSE,,,0.007269,,,,,,,,552
553,FALSE,,,0.014082,,,,,,,,553
554,FALSE,,,0.03028,,,,,,,,554
555,FALSE,,,0.015924,,,,,,,,555
556,FALSE,,,0.107837,,,,,,,,556
557,FALSE,,,0.046807,,,,,,,,557
558,FALSE,,,0.055674,,,,,,,,558
559,FALSE,,,0.006931,,,,,,,,559
560,FALSE,,,0.004711,,,,,,,,560
561,FALSE,,,0.28334,,,,,,,,561
562,FALSE,,,3.851627,,,,,,,,562
563,FALSE,,,0.057584,,,,,,,,563
564,FALSE,,,0.836091,,,,,,,,564
565,FALSE,,,0.707349,,,,,,,,565
566,FALSE,,,0.602175,,,,,,,,566
567,FALSE,,,1.892176,,,,,,,,567
568,FALSE,,,0.733519,,,,,,,,568
569,FALSE,,,0.842039,,,,,,,,569
570,FALSE,,,0.36308,,,,,,,,570
571,FALSE,,,0.515099,,,,,,,,571
572,FALSE,,,0.506527,,,,,,,,572
573,FALSE,,,1.309565,,,,,,,,573
574,FALSE,,,0.315976,,,,,,,,574
575,FALSE,,,0.579141,,,,,,,,575
576,FALSE,,,1.104536,,,,,,,,576
577,FALSE,,,0.166014,,,,,,,,577
578,FALSE,,,1.135479,,,,,,,,578
579,FALSE,,,0.185922,,,,,,,,579
580,FALSE,,,0.364218,,,,,,,,580
581,FALSE,,,0.06556,,,,,,,,581
582,FALSE,,,0.295939,,,,,,,,582
583,FALSE,,,1.762697,,,,,,,,583
584,FALSE,,,0.174821,,,,,,,,584
585,FALSE,,,0.090137,,,,,,,,585
586,FALSE,,,0.118774,,,,,,,,586
587,FALSE,,,0.045997,,,,,,,,587
588,FALSE,,,0.009663,,,,,,,,588
589,FALSE,,,0.009276,,,,,,,,589
590,FALSE,,,0.087722,,,,,,,,590
591,FALSE,,,0.008746,,,,,,,,591
592,FALSE,,,0.026254,,,,,,,,592
593,FALSE,,,0.031108,,,,,,,,593
594,FALSE,,,0.011566,,,,,,,,594
595,FALSE,,,0.277467,,,,,,,,595
596,FALSE,,,2.594724,,,,,,,,596
597,FALSE,,,1.104441,,,,,,,,597
598,FALSE,,,0.043795,,,,,,,,598
599,FALSE,,,0.036716,,,,,,,,599
600,FALSE,,,1.753744,,,,,,,,600
601,FALSE,,,1.365774,,,,,,,,601
602,FALSE,,,0.434381,,,,,,,,602
603,FALSE,,,0.489004,,,,,,,,603
604,FALSE,,,0.032876,,,,,,,,604
605,FALSE,,,8.331423,,,,,,,,605
606,FALSE,,,0.022145,,,,,,,,606
607,FALSE,,,0.398905,,,,,,,,607
608,FALSE,,,0.197398,,,,,,,,608
609,FALSE,,,0.019023,,,,,,,,609
610,FALSE,,,0.041408,,,,,,,,610
611,FALSE,,,0.04055,,,,,,,,611
612,FALSE,,,0.02781,,,,,,,,612
613,FALSE,,,0.032215,,,,,,,,613
614,FALSE,,,0.108765,,,,,,,,614
615,FALSE,,,0.066982,,,,,,,,615
616,FALSE,,,0.102576,,,,,,,,616
617,FALSE,,,0.345588,,,,,,,,617
618,FALSE,,,1.116925,,,,,,,,618
619,FALSE,,,0.368255,,,,,,,,619
620,FALSE,,,0.244991,,,,,,,,620
621,FALSE,,,0.023827,,,,,,,,621
622,FALSE,,,0.032073,,,,,,,,622
623,FALSE,,,0.028006,,,,,,,,623
624,FALSE,,,0.036165,,,,,,,,624
625,FALSE,,,0.03797,,,,,,,,625
626,FALSE,,,0.164684,,,,,,,,626
627,FALSE,,,0.023494,,,,,,,,627
628,FALSE,,,0.170781,,,,,,,,628
629,FALSE,,,0.251616,,,,,,,,629
630,FALSE,,,0.247831,,,,,,,,630
631,FALSE,,,0.298952,,,,,,,,631
632,FALSE,,,0.041317,,,,,,,,632
633,FALSE,,,0.239193,,,,,,,,633
634,FALSE,,,2.920118,,,,,,,,634
635,FALSE,,,0.201719,,,,,,,,635
636,FALSE,,,0.459251,,,,,,,,636
637,FALSE,,,0.463589,,,,,,,,637
638,FALSE,,,0.065976,,,,,,,,638
639,FALSE,,,0.094315,,,,,,,,639
640,FALSE,,,0.055115,,,,,,,,640
641,FALSE,,,0.047404,,,,,,,,641
642,FALSE,,,0.42185,,,,,,,,642
643,FALSE,,,0.024614,,,,,,,,643
644,FALSE,,,0.050632,,,,,,,,644
645,FALSE,,,0.028254,,,,,,,,645
646,FALSE,,,0.027662,,,,,,,,646
647,FALSE,,,0.013486,,,,,,,,647
648,FALSE,,,0.016006,,,,,,,,648
649,FALSE,,,0.028706,,,,,,,,649
650,FALSE,,,0.038813,,,,,,,,650
651,FALSE,,,0.528211,,,,,,,,651
652,FALSE,,,0.002899,,,,,,,,652
653,FALSE,,,0.229397,,,,,,,,653
654,FALSE,,,0.27545,,,,,,,,654
655,FALSE,,,0.064685,,,,,,,,655
656,FALSE,,,0.998694,,,,,,,,656
657,FALSE,,,0.422703,,,,,,,,657
658,FALSE,,,0.173046,,,,,,,,658
659,FALSE,,,0.144226,,,,,,,,659
660,FALSE,,,0.134589,,,,,,,,660
661,FALSE,,,0.252109,,,,,,,,661
662,FALSE,,,0.688477,,,,,,,,662
663,FALSE,,,0.463048,,,,,,,,663
664,FALSE,,,0.321456,,,,,,,,664
665,FALSE,,,0.095273,,,,,,,,665
666,FALSE,,,0.093739,,,,,,,,666
667,FALSE,,,0.029433,,,,,,,,667
668,FALSE,,,0.059478,,,,,,,,668
669,FALSE,,,0.070849,,,,,,,,669
670,FALSE,,,0.022268,,,,,,,,670
671,FALSE,,,0.005191,,,,,,,,671
672,FALSE,,,0.032529,,,,,,,,672
673,FALSE,,,0.017833,,,,,,,,673
674,FALSE,,,0.013402,,,,,,,,674
675,FALSE,,,0.321309,,,,,,,,675
676,FALSE,,,0.572662,,,,,,,,676
677,FALSE,,,0.128086,,,,,,,,677
678,FALSE,,,0.254281,,,,,,,,678
679,FALSE,,,0.810821,,,,,,,,679
680,FALSE,,,0.167476,,,,,,,,680
681,FALSE,,,0.348633,,,,,,,,681
682,FALSE,,,0.835237,,,,,,,,682
683,FALSE,,,1.290438,,,,,,,,683
684,FALSE,,,0.876458,,,,,,,,684
685,FALSE,,,9.37297,,,,,,,,685
686,FALSE,,,0.650529,,,,,,,,686
687,FALSE,,,9.710599,,,,,,,,687
688,FALSE,,,5.504018,,,,,,,,688
689,FALSE,,,1.942996,,,,,,,,689
690,FALSE,,,1.217676,,,,,,,,690
691,FALSE,,,0.013079,,,,,,,,691
692,FALSE,,,0.01547,,,,,,,,692
693,FALSE,,,0.232712,,,,,,,,693
694,FALSE,,,0.201873,,,,,,,,694
695,FALSE,,,0.101572,,,,,,,,695
696,FALSE,,,0.818502,,,,,,,,696
697,FALSE,,,28.836827,,,,,,,,697
698,FALSE,,,0.077346,,,,,,,,698
699,FALSE,,,1.029724,,,,,,,Fjord Seascape - Deltas,699
700,FALSE,,,0.154023,,,,,,,Fjord Seascape - Deltas,700
714,FALSE,,,1.684622,,0.032,Estimated volume is approximate -do not include buried debris spreading into the fiord after initial block sliding. ,"Mid-Holocene (5000 to 10,000 years BP)",,"Episodically active creeping slide between 13 ka BP and 11.5 ka BP. Estimate constrained to to less than 14000 yrs BP (after deglaciation), but based on evidence of sediment drape/cover, presence of smaller landslides within the sediment drape and  erodin",Fjord Seascape - Bedrock creep,701
715,FALSE,,,3.345778,,,,,,,Fjord Seascape - Unconsolidated sidewall,702
716,FALSE,,,0.687729,,,,,,,Fjord Seascape - Unconsolidated sidewall,703
717,FALSE,,,0.134262,,,,,,,Fjord Seascape - Deltas,704
718,FALSE,,,0.19481,,,,,,,Fjord Seascape - Deltas,705
719,FALSE,,,0.32296,,,,,,,Fjord Seascape - Debris flows,706
720,FALSE,,,0.358336,,,,,,,Fjord Seascape - Postglacial Mud,707
721,FALSE,,,0.637989,,,,,,,Fjord Seascape - Moraines,708
722,FALSE,,,0.542537,,,,,,,Fjord Seascape - Postglacial Mud,709
723,FALSE,,,0.934258,,,,,,,Fjord Seascape - Postglacial Mud,710
724,FALSE,,,0.062267,,,,,,,Fjord Seascape - Unconsolidated sidewall,711
725,FALSE,,,0.075829,,,,,,,Fjord Seascape - Unconsolidated sidewall,712
726,FALSE,,,0.14532,,,,,,,Fjord Seascape - Unconsolidated sidewall,713
727,FALSE,,,0.212369,,,,,,,Fjord Seascape - Unconsolidated sidewall,714
728,FALSE,,,0.029039,,,,,,,Fjord Seascape - Unconsolidated sidewall,715
729,FALSE,,,0.396391,,,,,,,Fjord Seascape - Postglacial Mud,716
730,FALSE,,,0.676222,,,,,,,Fjord Seascape - Debris flows,717
731,FALSE,,,0.765667,,,,,,,Fjord Seascape - Deltas,718
732,FALSE,,,1.162984,,,,,,,Fjord Seascape - Deltas,719
733,FALSE,,,0.235409,,,,,,,Fjord Seascape - Deltas,720
734,FALSE,,,0.620885,,,,,,,,721
735,FALSE,,,0.418377,,,,,,,,722
736,FALSE,,,0.050205,,,,,,,,723
737,FALSE,,,0.67193,,,,,,,,724
738,FALSE,,,0.36804,,,,,,,,725
739,FALSE,,,1.90931,,,,,,,,726
740,FALSE,,,0.073845,,,,,,,,727
741,FALSE,,,0.148984,,,,,,,,728
742,FALSE,,,2.834151,,,,,,,,729
743,FALSE,,,0.533929,,,,,,,,730
744,FALSE,,,0.112195,,,,,,,,731
745,FALSE,,,0.082392,,,,,,,,732
746,FALSE,,,0.03716,,,,,,,,733
747,FALSE,,,0.059471,,,,,,,,734
748,FALSE,,,0.080331,,,,,,,,735
749,FALSE,,,0.050236,,,,,,,,736
750,FALSE,,,0.354336,,,,,,,,737
751,FALSE,,,0.996174,,,,,,,,738
752,FALSE,,,0.722461,,,,,,,,739
753,FALSE,,,0.054614,,,,,,,,740
754,FALSE,,,1.041971,,,,,,,,741
755,FALSE,,,0.261948,,,,,,,,742
756,FALSE,,,0.176185,,,,,,,,743
757,FALSE,,,0.049628,,,,,,,,744
758,FALSE,,,0.360786,,,,,,,,745
759,FALSE,,,0.027033,,,,,,,,746
760,FALSE,,,0.550999,,,,,,,,747
761,FALSE,,,0.173554,,,,,,,,748
762,FALSE,,,0.165162,,,,,,,,749
763,FALSE,,,0.106571,,,,,,,,750
764,FALSE,,,0.224951,,,,,,,,751
765,FALSE,,,0.176881,,,,,,,,752
766,FALSE,,,0.295871,,,,,,,,753
767,FALSE,,,0.104941,,,,,,,,754
768,FALSE,,,0.25837,,,,,,,,755
769,FALSE,,,1.093904,,,,,,,,756
770,FALSE,,,1.009425,,,,,,,,757
771,FALSE,,,0.326287,,,,,,,,758
772,FALSE,,,0.156947,,,,,,,,759
773,FALSE,,,0.437166,,,,,,,,760
774,FALSE,,,0.163932,,,,,,,,761
775,FALSE,,,0.03911,,,,,,,,762
776,FALSE,,,0.24594,,,,,,,,763
777,FALSE,,,0.898314,,,,,,,,764
778,FALSE,,,0.645577,,,,,,,,765
779,FALSE,,,0.134929,,,,,,,,766
780,FALSE,,,0.036785,,,,,,,,767
781,FALSE,,,0.37339,,,,,,,,768
782,FALSE,,,0.301899,,,,,,,,769
783,FALSE,,,0.04155,,,,,,,,770
784,FALSE,,,0.374154,,,,,,,,771
785,FALSE,,,0.130484,,,,,,,,772
786,FALSE,,,0.102639,,,,,,,,773
787,FALSE,,,0.088605,,,,,,,,774
788,FALSE,,,0.103359,,,,,,,,775
789,FALSE,,,0.095681,,,,,,,,776
790,FALSE,,,0.018548,,,,,,,,777
791,FALSE,,,0.20636,,,,,,,,778
792,FALSE,,,0.064719,,,,,,,,779
793,FALSE,,,13.205147,,,,,,,Fjord Seascape - Submarine slide complex,780
794,FALSE,,,0.540326,,,,,,,Fjord Seascape - Deltas,781
795,FALSE,,,0.055173,,,,,,,Fjord Seascape - Unconsolidated sidewall,782
796,FALSE,,,0.610731,,,,,,,Fjord Seascape - Deltas,783
797,FALSE,,,0.217117,,,,,,,Fjord Seascape - Mass transport complex,784
798,FALSE,,,0.035303,,,,,,,Fjord Seascape - Mass transport complex,785
799,FALSE,,,0.402451,,,,,,,Fjord Seascape - Postglacial Mud,786
800,FALSE,,,0.182942,,,,,,,Fjord Seascape - Postglacial Mud,787
801,FALSE,,,0.457513,,,,,,,Fjord Seascape - Bedrock sidewall,788
802,FALSE,,,0.552051,,,,,,,Fjord Seascape - Major Deltas,789
803,FALSE,,,0.711296,,,,,,,Fjord Seascape - Major Deltas,790
804,FALSE,,,0.619498,,,,,,,Fjord Seascape - Major Deltas,791
805,FALSE,,,0.072308,,,,,,,Fjord Seascape - Debris flow,792
806,FALSE,,,0.028911,,,,,,,,793
807,FALSE,,,0.288567,,,,,,,,794
808,FALSE,,,0.063031,,,,,,,,795
809,FALSE,,,0.057459,,,,,,,,796
810,FALSE,,,0.032691,,,,,,,,797
811,FALSE,,,0.082017,,,,,,,Fjord Seascape - Deltas,798
812,FALSE,,,0.140644,,,,,,,Fjord Seascape - Deltas,799
813,FALSE,,,0.097935,,,,,,,Fjord Seascape - Deltas,800
814,FALSE,,,0.08691,,,,,,,Fjord Seascape - Deltas,801
815,FALSE,,,0.16992,,,,,,,Fjord Seascape - Deltas,802
816,FALSE,,,0.058876,,,,,,,Fjord Seascape - Deltas,803
817,FALSE,,,0.174584,,,,,,,Fjord Seascape - Bedrock sidewall,804
818,FALSE,,,0.09855,,,,,,,Fjord Seascape - Unconsolidated sidewall,805
819,FALSE,,,0.491496,,,,,,,Fjord Seascape - Postglacial Mud,806
820,FALSE,,,0.090163,,,,,,,Fjord Seascape - Deltas,807
821,FALSE,,,0.361467,,,,,,,Fjord Seascape - Unconsolidated sidewall,808
822,FALSE,,,0.048192,,,,,,,,809
823,FALSE,,,0.033451,,,,,,,,810
824,FALSE,,,0.03848,,,,,,,,811
825,FALSE,,,0.016565,,,,,,,,812
826,FALSE,,,0.081702,,,,,,,,813
827,FALSE,,,0.047085,,,,,,,,814
828,FALSE,,,0.032794,,,,,,,,815
829,FALSE,,,0.013634,,,,,,,,816
830,FALSE,,,0.016276,,,,,,,,817
831,FALSE,,,0.013933,,,,,,,,818
832,FALSE,,,0.02184,,,,,,,,819
833,FALSE,,,0.032459,,,,,,,,820
834,FALSE,,,0.019344,,,,,,,,821
835,FALSE,,,0.030435,,,,,,,,822
836,FALSE,,,0.020116,,,,,,,,823
837,FALSE,,,0.013465,,,,,,,,824
838,FALSE,,,0.048247,,,,,,,,825
839,FALSE,,,0.005878,,,,,,,,826
840,FALSE,,,0.036327,,,,,,,,827
841,FALSE,,,0.009028,,,,,,,,828
842,FALSE,,,0.019829,,,,,,,,829
843,FALSE,,,0.009343,,,,,,,,830
844,FALSE,,,0.063141,,,,,,,,831
845,FALSE,,,0.045616,,,,,,,,832
846,FALSE,,,0.02154,,,,,,,,833
847,FALSE,,,0.014035,,,,,,,,834
848,FALSE,,,0.057618,,,,,,,,835
849,FALSE,,,0.046775,,,,,,,,836
850,FALSE,,,0.022957,,,,,,,Fjord Seascape - Unconsolidated sidewall,837
851,FALSE,,,0.027069,,,,,,,Fjord Seascape - Unconsolidated sidewall,838
852,FALSE,,,0.03711,,,,,,,Fjord Seascape - Bedrock sidewall,839
853,FALSE,,,0.142574,,,,,,,Fjord Seascape - Unconsolidated sidewall,840
854,FALSE,,,0.050635,,,,,,,Fjord Seascape - Unconsolidated sidewall,841
855,FALSE,,,0.023458,,,,,,,Fjord Seascape - Unconsolidated sidewall,842
856,FALSE,,,0.081194,,,,,,,Fjord Seascape - Unconsolidated sidewall,843
857,FALSE,,,0.018081,,,,,,,Fjord Seascape - Unconsolidated sidewall,844
858,FALSE,,,0.011935,,,,,,,Fjord Seascape - Unconsolidated sidewall,845
859,FALSE,,,0.010899,,,,,,,Fjord Seascape - Unconsolidated sidewall,846
860,FALSE,,,0.003871,,,,,,,Fjord Seascape - Unconsolidated sidewall,847
861,FALSE,,,0.004908,,,,,,,Fjord Seascape - Unconsolidated sidewall,848
862,FALSE,,,0.008442,,,,,,,Fjord Seascape - Unconsolidated sidewall,849
701,FALSE,,,0.116316,,,,,,,Fjord Seascape - Unconsolidated sidewall,850
702,FALSE,,,0.042541,,,,,,,Fjord Seascape - Unconsolidated sidewall,851
703,FALSE,,,0.023375,,,,,,,Fjord Seascape - Unconsolidated sidewall,852
704,FALSE,,,0.0429,,,,,,,Fjord Seascape - Bedrock sidewall,853
705,FALSE,,,0.009676,,,,,,,Fjord Seascape - Bedrock sidewall,854
706,FALSE,,,0.005681,,,,,,,Fjord Seascape - Bedrock sidewall,855
707,FALSE,,,3.691508,,,,,,,,856
708,FALSE,,,0.19975,,,,,,,,857
709,FALSE,,,0.455553,,,,,,,,858
710,FALSE,,,0.060712,,,,,,,,859
711,FALSE,,,0.141077,,,,,,,,860
712,FALSE,,,0.051132,,,,,,,,861
713,FALSE,,,0.083086,,,,,,,,862
863,FALSE,,,0.020663,,,,,,,,863
864,FALSE,,,0.046698,,,,,,,,864
865,FALSE,,,0.096887,,,,,,,,865
866,FALSE,,,0.05475,,,,,,,,866
867,FALSE,,,0.008847,,,,,,,,867
868,FALSE,,,0.007166,,,,,,,,868
869,FALSE,,,0.008392,,,,,,,,869
870,FALSE,,,0.014635,,,,,,,,870
871,FALSE,,,0.022772,,,,,,,,871
872,FALSE,,,0.142057,,,,,,,,872
873,FALSE,,,0.167868,,,,,,,,873
874,FALSE,,,0.139011,,,,,,,,874
875,FALSE,,,0.051594,,,,,,,,875
876,FALSE,,,0.080086,,,,,,,,876
877,FALSE,,,0.026609,,,,,,,,877
878,FALSE,,,0.030675,,,,,,,,878
879,FALSE,,,0.016815,,,,,,,,879
880,FALSE,,,0.028184,,,,,,,,880
881,FALSE,,,0.033248,,,,,,,,881
882,FALSE,,,0.074628,,,,,,,,882
883,FALSE,,,0.074188,,,,,,,,883
884,FALSE,,,0.021889,,,,,,,,884
885,FALSE,,,0.02282,,,,,,,,885
886,FALSE,,,0.014292,,,,,,,,886
887,FALSE,,,0.029613,,,,,,,,887
888,FALSE,,,0.026773,,,,,,,,888
889,FALSE,,,0.061067,,,,,,,,889
890,FALSE,,,0.15786,,,,,,,,890
891,FALSE,,,0.049358,,,,,,,,891
892,FALSE,,,0.03064,,,,,,,,892
893,FALSE,,,0.01942,,,,,,,,893
894,FALSE,,,0.041004,,,,,,,,894
895,FALSE,,,0.03556,,,,,,,,895
896,FALSE,,,0.15892,,,,,,,,896
897,FALSE,,,0.065966,,,,,,,,897
898,FALSE,,,0.013779,,,,,,,,898
899,FALSE,,,0.121296,,,,,,,,899
900,FALSE,,,0.048822,,,,,,,,900
901,FALSE,,,0.408048,,,,,,,,901
902,FALSE,,,0.039427,,,,,,,,902
903,FALSE,,,0.055739,,,,,,,,903
904,FALSE,,,0.16306,,,,,,,,904
905,FALSE,,,0.066045,,,,,,,,905
906,FALSE,,,0.071868,,,,,,,,906
907,FALSE,,,0.216873,,,,,,,,907
908,FALSE,,,0.078691,,,,,,,,908
909,FALSE,,,0.053092,,,,,,,,909
910,FALSE,,,0.05208,,,,,,,,910
911,FALSE,,,0.454608,,,,,,,,911
912,FALSE,,,0.024586,,,,,,,,912
913,FALSE,,,0.023006,,,,,,,,913
914,FALSE,,,0.15157,,,,,,,,914
915,FALSE,,,0.503373,,,,,,,,915
916,FALSE,,,0.218215,,,,,,,,916
917,FALSE,,,0.090861,,,,,,,,917
918,FALSE,,,0.125091,,,,,,,,918
919,FALSE,,,0.148675,,,,,,,,919
920,FALSE,,,0.03814,,,,,,,,920
921,FALSE,,,0.258732,,,,,,,,921
922,FALSE,,,0.20214,,,,,,,,922
923,FALSE,,,0.195282,,,,,,,,923
924,FALSE,,,0.100955,,,,,,,,924
925,FALSE,,,0.389561,,,,,,,,925
926,FALSE,,,0.132947,,,,,,,,926
927,FALSE,,,0.166238,,,,,,,,927
928,FALSE,,,0.254407,,,,,,,,928
929,FALSE,,,0.399362,,,,,,,,929
930,FALSE,,,1.217191,,,,,,,,930
931,FALSE,,,0.150905,,,,,,,,931
932,FALSE,,,0.168641,,,,,,,,932
933,FALSE,,,0.113054,,,,,,,,933
934,FALSE,,,0.23201,,,,,,,,934
935,FALSE,,,0.313903,,,,,,,,935
936,FALSE,,,0.074346,,,,,,,,936
937,FALSE,,,0.051458,,,,,,,,937
938,FALSE,,,0.070652,,,,,,,,938
939,FALSE,,,0.242356,,,,,,,,939
940,FALSE,,,0.087196,,,,,,,Fjord Seascape - Bedrock sidewall,940
941,FALSE,,,0.189259,,,,,,,Fjord Seascape - Bedrock sidewall,941
942,FALSE,,,0.07119,,,,,,,Fjord Seascape - Unconsolidated sidewall,942
943,FALSE,,,0.067856,,,,,,,Fjord Seascape - Unconsolidated sidewall,943
944,FALSE,,,0.027556,,,,,,,Fjord Seascape - Unconsolidated sidewall,944
945,FALSE,,,0.013698,,,,,,,,945
946,FALSE,,,0.02163,,,,,,,,946
947,FALSE,,,0.013941,,,,,,,,947
948,FALSE,,,0.031376,,,,,,,,948
949,FALSE,,,0.013102,,,,,,,,949
950,FALSE,,,0.023211,,,,,,,,950
951,FALSE,,,0.016391,,,,,,,,951
952,FALSE,,,0.014,,,,,,,,952
953,FALSE,,,0.011805,,,,,,,,953
954,FALSE,,,0.009839,,,,,,,,954
955,FALSE,,,0.009272,,,,,,,,955
956,FALSE,,,0.008489,,,,,,,,956
957,FALSE,,,0.063895,,,,,,,,957
958,FALSE,,,0.056794,,,,,,,,958
959,FALSE,,,0.086891,,,,,,,,959
960,FALSE,,,0.015198,,,,,,,,960
961,FALSE,,,0.014741,,,,,,,,961
962,FALSE,,,0.078698,,,,,,,,962
963,FALSE,,,0.09282,,,,,,,,963
964,FALSE,,,0.067228,,,,,,,,964
965,FALSE,,,0.091981,,,,,,,,965
966,FALSE,,,0.141464,,,,,,,Fjord Seascape - Deltas,966
967,FALSE,,,0.036177,,,,,,,Fjord Seascape - Deltas,967
968,FALSE,,,0.04864,,,,,,,Fjord Seascape - Postglacial Mud,968
969,FALSE,,,0.067885,,,,,,,Fjord Seascape - Deltas,969
970,FALSE,,,0.067047,,,,,,,Fjord Seascape - Deltas,970
971,FALSE,,,0.009863,,,,,,,Fjord Seascape - Postglacial Mud,971
972,FALSE,,,0.008422,,,,,,,Fjord Seascape - Debris flows,972
973,FALSE,,,0.070137,,,,,,,Fjord Seascape - Deltas,973
974,FALSE,,,0.054179,,,,,,,Fjord Seascape - Deltas,974
975,FALSE,,,0.073543,,,,,,,,975
976,FALSE,,,1.216184,,,,,,,,976
977,FALSE,,,0.295129,,,,,,,,977
978,FALSE,,,0.132475,,,,,,,,978
979,FALSE,,,0.252846,,,,,,,,979
980,FALSE,,,0.278059,,,,,,,,980
981,FALSE,,,0.175744,,,,,,,,981
982,FALSE,,,0.148662,,,,,,,,982
983,FALSE,,,0.392281,,,,,,,,983
984,FALSE,,,1.157983,,,,,,,,984
985,FALSE,,,1.792191,,,,,,,,985
986,FALSE,,,0.362736,,,,,,,,986
987,FALSE,,,0.169806,,,,,,,,987
988,FALSE,,,0.173327,,,,,,,,988
989,FALSE,,,0.428115,,,,,,,,989
990,FALSE,,,1.048599,,,,,,,,990
991,FALSE,,,0.061888,,,,,,,,991
992,FALSE,,,0.094836,,,,,,,,992
993,FALSE,,,0.082108,,,,,,,,993
994,FALSE,,,1.019203,,,,,,,,994
995,FALSE,,,0.166049,,,,,,,,995
996,FALSE,,,0.05169,,,,,,,,996
997,FALSE,,,0.04943,,,,,,,,997
998,FALSE,,,0.224951,,,,,,,,998
999,FALSE,,,0.0868,,,,,,,,999
1000,FALSE,,,0.16938,,,,,,,,1000
1001,FALSE,,,0.200904,,,,,,,,1001
1002,FALSE,,,0.101775,,,,,,,,1002
1003,FALSE,,,0.307724,,,,,,,Fjord Seascape - Unconsolidated sidewall,1003
1004,FALSE,,,0.119061,,,,,,,Fjord Seascape - Deltas,1004
1005,FALSE,,,0.107579,,,,,,,Fjord Seascape - Unconsolidated sidewall,1005
1021,FALSE,,,0.135463,,,,,,,Fjord Seascape - Debris flows,1006
1045,FALSE,,,0.043765,,,,,,,Fjord Seascape - Postglacial Mud,1007
1046,FALSE,,,0.041516,,,,,,,Fjord Seascape - Postglacial Mud,1008
1047,FALSE,,,0.18736,,,,,,,Fjord Seascape - Deltas,1009
1048,FALSE,,,0.08563,,,,,,,Fjord Seascape - Winnowed Scoured Seafloor,1010
1049,FALSE,,,0.858149,,,,,,,Fjord Seascape - Unconsolidated sidewall,1011
1050,FALSE,,,0.04719,,,,,,,Fjord Seascape - Deltas,1012
1051,FALSE,,,0.085773,,,,,,,Fjord Seascape - Postglacial Mud,1013
1052,FALSE,,,0.290401,,,,,,,Fjord Seascape - Unconsolidated sidewall,1014
1053,FALSE,,,0.488423,,,,,,,Fjord Seascape - Unconsolidated sidewall,1015
1054,FALSE,,,0.14283,,,,,,,,1016
1055,FALSE,,,0.072809,,,,,,,,1017
1056,FALSE,,,0.071469,,,,,,,,1018
1057,FALSE,,,0.094766,,,,,,,,1019
1058,FALSE,,,0.046105,,,,,,,,1020
1059,FALSE,,,1.657359,,0.031,Estimated volume is approximate -do not include buried debris spreading into the fiord after initial block sliding. ,"Mid-Holocene (5000 to 10,000 years BP)",,"Episodically active creeping slide between 13 ka BP and 11.5 ka BP. Estimate constrained to to less than 14000 yrs BP (after deglaciation), but based on evidence of sediment drape/cover, presence of smaller landslides within the sediment drape and  erodin",Fjord Seascape - Bedrock creep,1021
1060,FALSE,,,0.563931,,,,,,,,1022
1061,FALSE,,,0.010072,,,,,,,,1023
1062,FALSE,,,0.006421,,,,,,,,1024
1063,FALSE,,,0.006425,,,,,,,,1025
1064,FALSE,,,0.009181,,,,,,,,1026
1065,FALSE,,,0.330978,,,,,,,,1027
1066,FALSE,,,0.832845,,,,,,,Fjord Seascape - Unconsolidated sidewall,1028
1067,FALSE,,,0.028012,,,,,,,Fjord Seascape - Postglacial Mud,1029
1068,FALSE,,,0.065793,,,,,,,Fjord Seascape - Unconsolidated sidewall,1030
1069,FALSE,,,0.071827,,,,,,,Fjord Seascape - Deltas,1031
1070,FALSE,,,0.079751,,,,,,,Fjord Seascape - Unconsolidated sidewall,1032
1071,FALSE,,,0.085558,,,,,,,Fjord Seascape - Unconsolidated sidewall,1033
1072,FALSE,,,0.018648,,,,,,,Fjord Seascape - Unconsolidated sidewall,1034
1073,FALSE,,,0.109796,,,,,,,Fjord Seascape - Postglacial Mud,1035
1074,FALSE,,,0.143087,,,,,,,Fjord Seascape - Postglacial Mud,1036
1075,FALSE,,,0.118939,,,,,,,Fjord Seascape - Deltas,1037
1076,FALSE,,,0.278512,,,,,,,Fjord Seascape - Deltas,1038
1077,FALSE,,,0.09973,,,,,,,Fjord Seascape - Postglacial Mud,1039
1078,FALSE,,,0.167329,,,,,,,Fjord Seascape - Deltas,1040
1079,FALSE,,,0.096198,,,,,,,Fjord Seascape - Deltas,1041
1080,FALSE,,,0.098325,,,,,,,Fjord Seascape - Unconsolidated sidewall,1042
1081,FALSE,,,0.041773,,,,,,,Fjord Seascape - Deltas,1043
1082,FALSE,,,0.14373,,,,,,,Fjord Seascape - Deltas,1044
1083,FALSE,,,0.296438,,,,,,,Fjord Seascape - Bedrock sidewall,1045
1084,FALSE,,,0.06279,,,,,,,Fjord Seascape - Unconsolidated sidewall,1046
1085,FALSE,,,0.020741,,,,,,,Fjord Seascape - Unconsolidated sidewall,1047
1086,FALSE,,,0.05643,,,,,,,Fjord Seascape - Bedrock sidewall,1048
1087,FALSE,,,0.017172,,,,,,,Fjord Seascape - Unconsolidated sidewall,1049
1088,FALSE,,,0.052108,,,,,,,Fjord Seascape - Unconsolidated sidewall,1050
1089,FALSE,,,0.015438,,,,,,,Fjord Seascape - Unconsolidated sidewall,1051
1090,FALSE,,,0.032091,,,,,,,,1052
1091,FALSE,,,0.183882,,,,,,,Fjord Seascape - Unconsolidated sidewall,1053
1092,FALSE,,,0.05226,,,,,,,Fjord Seascape - Deltas,1054
1093,FALSE,,,0.097577,,,,,,,Fjord Seascape - Deltas,1055
1094,FALSE,,,0.072087,,,,,,,Fjord Seascape - Winnowed Scoured Seafloor,1056
1095,FALSE,,,0.228138,,,,,,,Fjord Seascape - Deltas,1057
1096,FALSE,,,0.405065,,,,,,,Fjord Seascape - Deltas,1058
1097,FALSE,,,0.046874,,,,,,,Fjord Seascape - Winnowed Scoured Seafloor,1059
1098,FALSE,,,0.252134,,,,,,,Fjord Seascape - Deltas,1060
1099,FALSE,,,0.260487,,,,,,,Fjord Seascape - Winnowed Scoured Seafloor,1061
1100,FALSE,,,0.312837,,,,,,,Fjord Seascape - Debris flows,1062
1101,FALSE,,,0.121071,,,,,,,Fjord Seascape - Deltas,1063
1102,FALSE,,,0.105531,,,,,,,,1064
1103,FALSE,,,0.351914,,,,,,,Fjord Seascape - Unconsolidated sidewall,1065
1104,FALSE,,,0.08126,,,,,,,,1066
1105,FALSE,,,0.156412,,,,,,,,1067
1106,FALSE,,,0.49939,,,,,,,,1068
1107,FALSE,,,0.280089,,,,,,,,1069
1108,FALSE,,,0.89645,,,,,,,,1070
1109,FALSE,,,0.064259,,,,,,,,1071
1110,FALSE,,,0.744351,,,,,,,Fjord Seascape - Deltas,1072
1111,FALSE,,,0.149124,,,,,,,Fjord Seascape - Unconsolidated sidewall,1073
1112,FALSE,,,0.218518,,,,,,,Fjord Seascape - Deltas,1074
1113,FALSE,,,0.100584,,,,,,,Fjord Seascape - Deltas,1075
1114,FALSE,,,0.019949,,,,,,,,1076
1115,FALSE,,,0.043567,,,,,,,,1077
1116,FALSE,,,0.223052,,,,,,,,1078
1117,FALSE,,,0.044945,,,,,,,Fjord Seascape - Winnowed Scoured Seafloor,1079
1118,FALSE,,,0.178403,,,,,,,Fjord Seascape - Deltas,1080
1119,FALSE,,,0.017913,,,,,,,Fjord Seascape - Unconsolidated sidewall,1081
1120,FALSE,,,0.455826,,,,,,,,1082
1121,FALSE,,,1.934314,,,,,,,,1083
1122,FALSE,,,0.363916,,,,,,,,1084
1123,FALSE,,,1.547209,,,,,,,,1085
1124,FALSE,,,0.249488,,,,,,,,1086
1125,FALSE,,,0.588484,,,,,,,,1087
1126,FALSE,,,1.06244,,,,,,,,1088
1127,FALSE,,,2.328421,,,,,,,,1089
1128,FALSE,,,0.225066,,,,,,,,1090
1129,FALSE,,,0.437294,,,,,,,,1091
1130,FALSE,,,0.075477,,,,,,,,1092
1131,FALSE,,,0.062667,,,,,,,,1093
1132,FALSE,,,0.118246,,,,,,,,1094
1133,FALSE,,,0.171804,,,,,,,,1095
1134,FALSE,,,0.925309,,,,,,,,1096
1135,FALSE,,,0.287299,,,,,,,,1097
1136,FALSE,,,0.207581,,,,,,,,1098
1137,FALSE,,,0.143036,,,,,,,,1099
1138,FALSE,,,0.091006,,,,,,,,1100
1139,FALSE,,,0.204662,,,,,,,,1101
1140,FALSE,,,0.236435,,,,,,,,1102
1141,FALSE,,,0.118709,,,,,,,,1103
1142,FALSE,,,0.180756,,,,,,,,1104
1143,FALSE,,,0.096015,,,,,,,,1105
1144,FALSE,,,0.143966,,,,,,,,1106
1145,FALSE,,,0.266846,,,,,,,,1107
1146,FALSE,,,0.012453,,,,,,,,1108
1147,FALSE,,,0.408885,,,,,,,,1109
1148,FALSE,,,0.01802,,,,,,,,1110
1149,FALSE,,,0.349565,,,,,,,,1111
1150,FALSE,,,0.01587,,,,,,,,1112
1151,FALSE,,,0.047073,,,,,,,,1113
1152,FALSE,,,0.094697,,,,,,,,1114
1153,FALSE,,,0.271798,,,,,,,,1115
1006,FALSE,,,0.148555,,,,,,,,1116
1007,FALSE,,,0.108921,,,,,,,,1117
1008,FALSE,,,0.627966,,,,,,,,1118
1009,FALSE,,,0.125393,,,,,,,,1119
1010,FALSE,,,0.335824,,,,,,,,1120
1011,FALSE,,,0.277377,,,,,,,,1121
1012,FALSE,,,0.073536,,,,,,,,1122
1013,FALSE,,,0.306585,,,,,,,,1123
1014,FALSE,,,0.125867,,,,,,,,1124
1015,FALSE,,,0.104102,,,,,,,,1125
1016,FALSE,,,0.051641,,,,,,,,1126
1017,FALSE,,,0.060243,,,,,,,,1127
1018,FALSE,,,0.043238,,,,,,,,1128
1019,FALSE,,,0.066699,,,,,,,,1129
1020,FALSE,,,0.069634,,,,,,,,1130
1154,FALSE,,,0.014789,,,,,,,,1131
1155,FALSE,,,0.013797,,,,,,,,1132
1156,FALSE,,,0.146203,,,,,,,,1133
1157,FALSE,,,3.20553,,,,,,,Fjord Seascape - Postglacial Mud,1134
1158,FALSE,,,0.026682,,,,,,,,1135
1159,FALSE,,,0.045529,,,,,,,,1136
1160,FALSE,,,0.007308,,,,,,,,1137
1161,FALSE,,,0.070684,,,,,,,,1138
1162,FALSE,,,0.014375,,,,,,,,1139
1163,FALSE,,,0.010676,,,,,,,,1140
1164,FALSE,,,0.020447,,,,,,,,1141
1165,FALSE,,,0.044552,,,,,,,,1142
1166,FALSE,,,0.011996,,,,,,,,1143
1167,FALSE,,,0.012399,,,,,,,,1144
1168,FALSE,,,8.35204,,,,,,,,1145
1169,FALSE,,,0.156674,,,,,,,Fjord Seascape - Deltas,1146
1022,FALSE,,,0.277796,,,,,,,Fjord Seascape - Bedrock sidewall,1147
1023,FALSE,,,0.380208,,,,,,,Fjord Seascape - Winnowed Scoured Seafloor,1148
1024,FALSE,,,0.038154,,,,,,,Fjord Seascape - Postglacial Mud,1149
1025,FALSE,,,1.820283,,,,,,,Fjord Seascape - Unconsolidated sidewall,1150
1026,FALSE,,,0.147568,,,,,,,Fjord Seascape - Deltas,1151
1027,FALSE,,,0.059707,,,,,,,Fjord Seascape - Postglacial Mud,1152
1028,FALSE,,,0.111798,,,,,,,,1153
1029,FALSE,,,0.154727,,,,,,,,1154
1030,FALSE,,,0.104141,,,,,,,,1155
1031,FALSE,,,0.367535,,,,,,,,1156
1032,FALSE,,,0.020857,,,,,,,,1157
1033,FALSE,,,0.012225,,,,,,,,1158
1034,FALSE,,,0.042533,,,,,,,,1159
1035,FALSE,,,0.485265,,,,,,,,1160
1036,FALSE,,,0.062888,,,,,,,,1161
1037,FALSE,,,0.013331,,,,,,,,1162
1038,FALSE,,,0.005302,,,,,,,,1163
1039,FALSE,,,0.04952,,,,,,,,1164
1040,FALSE,,,0.006913,,,,,,,,1165
1041,FALSE,,,0.002715,,,,,,,,1166
1042,FALSE,,,0.130345,,,,,,,,1167
1043,FALSE,,,0.021922,,,,,,,,1168
1044,FALSE,,,0.017952,,,,,,,,1169
1170,FALSE,,,0.077513,,,,,,,,1170
1171,FALSE,,,0.004654,,,,,,,,1171
1172,FALSE,,,0.023334,,,,,,,,1172
1173,FALSE,,,0.023333,,,,,,,,1173
1174,FALSE,,,0.019958,,,,,,,,1174
1175,FALSE,,,0.018389,,,,,,,,1175
1176,FALSE,,,0.143063,,,,,,,,1176
1177,FALSE,,,0.02153,,,,,,,,1177
1178,FALSE,,,0.029239,,,,,,,,1178
1179,FALSE,,,0.058097,,,,,,,,1179
1180,FALSE,,,0.037015,,,,,,,,1180
1181,FALSE,,,0.011486,,,,,,,,1181
1182,FALSE,,,0.011891,,,,,,,,1182
1183,FALSE,,,0.007145,,,,,,,,1183
1184,FALSE,,,0.02188,,,,,,,,1184
1185,FALSE,,,0.057499,,,,,,,,1185
1186,FALSE,,,0.074273,,,,,,,,1186
1187,FALSE,,,0.022103,,,,,,,,1187
1188,FALSE,,,0.012722,,,,,,,,1188
1189,FALSE,,,0.004415,,,,,,,,1189
1190,FALSE,,,0.065793,,,,,,,,1190
1191,FALSE,,,0.149864,,,,,,,,1191
1192,FALSE,,,0.0797,,,,,,,,1192
1193,FALSE,,,0.037683,,,,,,,,1193
1194,FALSE,,,0.037786,,,,,,,,1194
1195,FALSE,,,0.304835,,,,,,,,1195
1196,FALSE,,,0.359389,,,,,,,,1196
1197,FALSE,,,0.024157,,,,,,,,1197
1198,FALSE,,,0.028876,,,,,,,,1198
1199,FALSE,,,0.587251,,,,,,,,1199
1200,FALSE,,,0.042182,,,,,,,,1200
1201,FALSE,,,0.187285,,,,,,,,1201
1202,FALSE,,,0.18691,,,,,,,,1202
1203,FALSE,,,0.286788,,,,,,,,1203
1204,FALSE,,,0.977632,,,,,,,,1204
1205,FALSE,,,0.203929,,,,,,,,1205
1206,FALSE,,,0.124587,,,,,,,,1206
1207,FALSE,,,0.082737,,,,,,,,1207
1208,FALSE,,,0.075066,,,,,,,,1208
1209,FALSE,,,26.828379,,,,,,,,1209
1210,FALSE,,,0.201889,,,,,,,,1210
1211,FALSE,,,0.022059,,,,,,,,1211
1212,FALSE,,,0.177936,,,,,,,,1212
1213,FALSE,,,0.053528,,,,,,,,1213
1214,FALSE,,,0.025483,,,,,,,,1214
1215,FALSE,,,0.659307,,,,,,,,1215
1216,FALSE,,,0.081277,,,,,,,,1216
1217,FALSE,,,0.140319,,,,,,,,1217
1218,FALSE,,,0.076055,,,,,,,Fjord Seascape - Debris flows,1218
1219,FALSE,,,0.067848,,,,,,,Fjord Seascape - Postglacial Mud,1219
1220,FALSE,,,0.02524,,,,,,,Fjord Seascape - Bedrock sidewall,1220
1221,FALSE,,,0.246352,,,,,,,Fjord Seascape - Unconsolidated sidewall,1221
1222,FALSE,,,0.028688,,,,,,,,1222
1223,FALSE,,,0.097811,,,,,,,,1223
1224,FALSE,,,1.46493,,,,,,,Fjord Seascape - Deltas,1224
1225,FALSE,,,0.130613,,,,,,,Fjord Seascape - Winnowed Scoured Seafloor,1225
1226,FALSE,,,40.853163,,,,,,,Fjord Seascapes - M1,1226
1227,FALSE,,,15.142818,,,,,,,Fjord Seascapes - M1,1227
1228,FALSE,,,0.014255,,,,,,,Fjord Seascapes - M2,1228
1229,FALSE,,,0.00221,,,,,,,Fjord Seascapes - M2,1229
1230,FALSE,,,0.011157,,,,,,,Fjord Seascapes - M2,1230
1231,FALSE,,,0.001372,,,,,,,Fjord Seascapes - M2,1231
1232,FALSE,,,0.015352,,,,,,,Fjord Seascapes - M2,1232
1233,FALSE,,,0.010257,,,,,,,Fjord Seascapes - M2,1233
1234,FALSE,,,8.19424,,,,,,,Fjord Seascapes - M2,1234
1235,FALSE,,,0.631445,,,,,,,Fjord Seascapes - M3,1235
1236,FALSE,,,0.812545,,,,,,,Fjord Seascapes - M3,1236
1237,FALSE,,,0.066943,,,,,,,Fjord Seascapes - M3,1237
1238,FALSE,,,0.310432,,,,,,,Fjord Seascapes - M3,1238
1239,FALSE,,,0.157064,,,,,,,Fjord Seascapes - M3,1239
1240,FALSE,,,0.097586,,,,,,,Fjord Seascapes - M3,1240
1241,FALSE,,,0.099663,,,,,,,Fjord Seascapes - M3,1241
1242,FALSE,,,0.026234,,,,,,,Fjord Seascapes - M3,1242
1243,FALSE,,,0.060074,,,,,,,Fjord Seascapes - M3,1243
1244,FALSE,,,0.583485,,,,,,,Fjord Seascapes - M3,1244
1245,FALSE,,,2.107595,,,,,,,Fjord Seascapes - M3,1245
1246,FALSE,,,0.083143,,,,,,,Fjord Seascapes - M3,1246
1247,FALSE,,,0.102104,,,,,,,Fjord Seascapes - M3,1247
1248,FALSE,,,1.013627,,,,,,,Fjord Seascapes - M3,1248
1249,FALSE,,,0.285824,,,,,,,Fjord Seascapes - M3,1249
1250,FALSE,,,0.371737,,,,,,,Fjord Seascapes - M3,1250
1251,FALSE,,,0.031002,,,,,,,Fjord Seascapes - M3,1251
1252,FALSE,,,0.310964,,,,,,,Fjord Seascapes - M3,1252
1253,FALSE,,,0.606429,,,,,,,Fjord Seascapes - M3,1253
1254,FALSE,,,0.613279,,,,,,,Fjord Seascapes - M3,1254
1255,FALSE,,,0.269668,,,,,,,Fjord Seascapes - M3,1255
1256,FALSE,,,0.26631,,,,,,,Fjord Seascapes - M3,1256
1257,FALSE,,,0.224774,,,,,,,Fjord Seascapes - M3,1257
1258,FALSE,,,0.069093,,,,,,,Fjord Seascapes - M3,1258
1259,FALSE,,,0.110963,,,,,,,Fjord Seascapes - M3,1259
1260,FALSE,,,0.602014,,,,,,,Fjord Seascapes - M3,1260
1261,FALSE,,,0.154639,,,,,,,Fjord Seascapes - M3,1261
1262,FALSE,,,0.12136,,,,,,,Fjord Seascapes - M3,1262
1263,FALSE,,,2.02054,,,,,,,Fjord Seascapes - M4,1263
1264,FALSE,,,1.275737,,,,,,,Fjord Seascapes - M4,1264
1265,FALSE,,,1.458507,,,,,,,Fjord Seascapes - M5,1265
1266,FALSE,,,1.20991,,,,,,,Fjord Seascapes - M5,1266
